,id,type,num_cores,voltages_frequencies,ISL,capacitance,powerIdle,battery_capacity,error_rate,acceptableTasks,handleSafeTask,maxQueue,name
0,0,iot,2,"[[(16000000.0, 5.0), (1000000.0, 1.8), (32000000.0, 6.5)], [(8000000.0, 4.0), (2000000.0, 2.3), (1000000.0, 1.8)]]",0.18303233106419922,"[2.295087415708557e-09, 2.5674702394518215e-09]","[0.001, 0.0009]",39090.4583467471,0.009392479852332143,"[1, 4, 3]",1,5,iot0
1,1,iot,2,"[[(2000000.0, 2.3), (4000000.0, 2.7), (8000000.0, 4.0)], [(32000000.0, 6.5), (1000000.0, 1.8), (4000000.0, 2.7)]]",0.10903049929025084,"[2.9282411792089483e-09, 2.3360098554001664e-09]","[0.001, 0.001]",37054.07186507356,0.008111927900758698,"[3, 2]",1,5,iot1
2,2,iot,4,"[[(8000000.0, 4.0), (32000000.0, 6.5), (1000000.0, 1.8)], [(4000000.0, 2.7), (32000000.0, 6.5), (2000000.0, 2.3)], [(16000000.0, 5.0), (32000000.0, 6.5), (2000000.0, 2.3)], [(1000000.0, 1.8), (4000000.0, 2.7), (2000000.0, 2.3)]]",0.1283985141948659,"[2.7009513182860577e-09, 2.867384229430156e-09, 2.051748071221744e-09, 2.270537050157155e-09]","[0.001, 0.001, 0.001, 0.0009]",38095.395503115666,0.005332354042633764,"[3, 4, 2]",1,5,iot2
