id,type,num_cores,voltages_frequencies,ISL,capacitance,powerIdle,battery_capacity,error_rate,acceptableTasks,handleSafeTask,maxQueue,name
0,iot,2,"[[(1000000.0, 1.8), (2000000.0, 2.3), (8000000.0, 4.0)], [(16000000.0, 5.0), (1000000.0, 1.8), (8000000.0, 4.0)]]",0.19353278405571792,"[2.9303129483630866e-09, 2.624317278934859e-09]","[0.001, 0.0007999999999999999]",37096.577825989436,0.008827384645899734,"[4, 2, 1]",1,3,iot0
1,iot,4,"[[(16000000.0, 5.0), (1000000.0, 1.8), (8000000.0, 4.0)], [(2000000.0, 2.3), (1000000.0, 1.8), (16000000.0, 5.0)], [(2000000.0, 2.3), (1000000.0, 1.8), (16000000.0, 5.0)], [(8000000.0, 4.0), (1000000.0, 1.8), (4000000.0, 2.7)]]",0.17595691546709424,"[2.9839900623491805e-09, 2.1270167026237385e-09, 2.3185092471617265e-09, 2.0445372617383356e-09]","[0.0007999999999999999, 0.001, 0.001, 0.001]",39376.68156928448,0.0077039697068194074,"[3, 4]",1,3,iot1
